{
  "outputs": {
    "height": {
      "validation_allow": null,
      "validation_type": "none",
      "dependent_inputs": null,
      "min": null,
      "max": null,
      "options": null,
      "ignore_blank": false,
      "input_message_title": null,
      "input_message": null,
      "error_style": null,
      "error_title": null,
      "error_message": null,
      "default_value": 4
    },
    "radius": {
      "validation_allow": null,
      "validation_type": "none",
      "dependent_inputs": null,
      "min": null,
      "max": null,
      "options": null,
      "ignore_blank": false,
      "input_message_title": null,
      "input_message": null,
      "error_style": null,
      "error_title": null,
      "error_message": null,
      "default_value": 7
    }
  },
  "warnings": null,
  "errors": null,
  "service_chain": null
}