{"EffectiveStartDate":"2024-11-13T22:24:00Z","EffectiveEndDate":"2034-11-13T22:24:00Z","EngineInformation":{"FileSize":11525,"Author":"ralph.florent@coherent.global","ProductName":"my-folder","Revision":"0.1.0","Description":null,"FileMD5Hash":"6E82ED89FE2F8B3F4A47805AE19F86AE","UniversalFileHash":null,"ReleaseDate":"2024-11-13T22:25:43.335Z","ServiceName":"volume-cylinder","NoOfInstance":1,"UploaderEmail":"ralph.florent@coherent.global","DefaultEngineType":"Neuron","OriginalFileName":"volume-cylinder.xlsx","SizeOfUploadedFile":11525,"ReleaseNote":null,"IsTypeScriptFile":false,"EngineUpgradeType":"minor","PublicAPI":false,"FileGuid":"8f307fcf-7142-4704-9462-ac2f982bebec","ServiceGuid":null,"ServiceVersionGuid":"91299a5d-9328-4435-911b-4e5f7783f5d4","BaseUrl":"https://excel.uat.us.coherent.global","Tenant":"fieldengineering","AllowToStoreHistory":true,"CalcMode":"AUTO","ForceInputsWriteBeforeCalcModeChanges":true,"Provenance":null,"VersionLabel":"rc","ExplainerType":"","IsXParameter":false,"ParametersetCompatibilityGroup":"","XParameterSetVersionId":"","VersionUpgradeAssert":"OFF","XReportRanges":null,"Tags":null,"OriginalServiceHash":"DF524263A23D42247BE21627B1713C7BBFA2C8F0F7A9A6CE8936DAEEEAD8AA9A","CompiledOutputHash":"AB310B8C0ABAE2C6293F914CA85C4A584A6432061F8D88BDD170BD9477C9FB8E","CompilerVersion":"Neuron_v1.22.3","CompilerVersionServiceUpdate":"StableLatest","DirectAddressingOutputsEnabled":false},"XInputTable":[{"Input Name":"height","Description":"Height of the cylinder","Address":"B3"},{"Input Name":"radius","Description":"Radius of the cylinder","Address":"B2"}],"XOutputTable":[{"Output Name":"volume","Description":"Result of the computation using height and radius: V=Pi * r * r  * h","Address":"B4"}],"VersionId":"91299a5d-9328-4435-911b-4e5f7783f5d4","HasSignatureChain":null}